{"x": 0.014, "y": 0.813, "qx": 0.0, "qy": 0.0, "qz": 0.048655, "qw": 0.998816}