{"x": 0.813, "y": 0.474, "qx": 0.0, "qy": 0.0, "qz": 0.18147, "qw": 0.983396}