{"x": -0.006, "y": 0.803, "qx": 0.0, "qy": 0.0, "qz": 0.049725, "qw": 0.998763}