{"x": -0.588, "y": 0.399, "qx": 0.0, "qy": 0.0, "qz": 0.189115, "qw": 0.981955}