{"x": -0.453, "y": 0.189, "qx": 0.0, "qy": 0.0, "qz": -0.159294, "qw": 0.987231}