{"x": 16.377, "y": 6.061, "qx": 0.0, "qy": 0.0, "qz": -0.378087, "qw": 0.92577}