{"x": 12.816, "y": 2.351, "qx": 0.0, "qy": 0.0, "qz": -0.277436, "qw": 0.960744}